user_index,poi_index,cat_index,POI_catname,latitude,longitude,local_time,week_start,split_week,session_id
5,5088,120,Other Great Outdoors,40.78782018739577,-73.79104614257812,2012-10-29 09:02:03,2012-10-29,train,5_11
5,583,259,Hotel,40.7526195459056,-73.99336294005377,2012-10-30 20:20:01,2012-10-29,train,5_11
16,5088,120,Other Great Outdoors,40.78782018739577,-73.79104614257812,2012-10-29 00:27:14,2012-10-29,train,16_19
16,2068,138,Gym / Fitness Center,40.70257473392312,-73.8189978337963,2012-11-01 16:34:18,2012-10-29,train,16_19
18,5088,120,Other Great Outdoors,40.78782018739577,-73.79104614257812,2012-10-31 11:56:10,2012-10-29,train,18_13
18,957,138,Gym / Fitness Center,40.76396628964295,-73.915114402771,2012-11-01 14:24:56,2012-10-29,train,18_13
23,5088,120,Other Great Outdoors,40.78782018739577,-73.79104614257812,2012-10-30 21:45:53,2012-10-29,train,23_16
23,1511,6,Home (private),40.6784474407319,-73.96537147003376,2012-11-01 19:44:38,2012-10-29,train,23_16
32,5088,120,Other Great Outdoors,40.78782018739577,-73.79104614257812,2012-10-29 00:26:54,2012-10-29,train,32_9
32,1045,222,Coffee Shop,40.76185347443989,-73.98369312286377,2012-10-31 11:44:36,2012-10-29,train,32_9
34,1886,37,Bar,40.88742755,-74.13846281666666,2012-10-29 00:22:11,2012-10-29,train,34_22
34,4284,37,Bar,40.87218788712199,-74.11272947394428,2012-10-31 21:00:55,2012-10-29,train,34_22
43,1946,73,Bus Station,40.7302182289573,-73.95438194274902,2012-10-31 12:52:25,2012-10-29,train,43_2
43,2361,156,Stadium,40.68312,-73.975979,2012-11-01 09:07:29,2012-10-29,train,43_2
43,1524,264,Subway,40.74970348366515,-73.98781299591064,2012-11-01 12:01:33,2012-10-29,train,43_2
43,1145,264,Subway,40.708588361482406,-73.99103164672852,2012-11-02 09:50:09,2012-10-29,train,43_2
47,3587,6,Home (private),40.750991477566174,-73.98887973002674,2012-10-30 12:55:08,2012-10-29,train,47_23
47,281,37,Bar,40.77947180359367,-73.9776970208157,2012-10-31 23:28:21,2012-10-29,train,47_23
50,2142,258,Food & Drink Shop,40.7103907665044,-73.8516840781583,2012-10-30 13:49:01,2012-10-29,train,50_6
50,1293,138,Gym / Fitness Center,40.721125381535565,-73.8470896070464,2012-10-31 07:47:28,2012-10-29,train,50_6
50,1754,222,Coffee Shop,40.72111512901744,-73.8473308194441,2012-10-31 07:56:10,2012-10-29,train,50_6
50,4272,61,Office,40.7107336885848,-73.85139118382254,2012-10-31 15:46:01,2012-10-29,train,50_6
50,1754,222,Coffee Shop,40.72111512901744,-73.8473308194441,2012-11-02 07:15:22,2012-10-29,train,50_6
50,1293,138,Gym / Fitness Center,40.721125381535565,-73.8470896070464,2012-11-02 07:25:44,2012-10-29,train,50_6
58,5088,120,Other Great Outdoors,40.78782018739577,-73.79104614257812,2012-10-29 09:02:19,2012-10-29,train,58_7
58,4138,6,Home (private),40.68164767261946,-73.91834636014222,2012-10-29 09:06:43,2012-10-29,train,58_7
58,4138,6,Home (private),40.68164767261946,-73.91834636014222,2012-10-30 15:07:52,2012-10-29,train,58_7
65,1475,241,Airport,40.773839,-73.87122,2012-10-30 17:45:26,2012-10-29,train,65_18
65,1475,241,Airport,40.773839,-73.87122,2012-10-31 06:08:04,2012-10-29,train,65_18
65,4705,6,Home (private),40.767237460001375,-73.89482953406639,2012-10-31 14:00:43,2012-10-29,train,65_18
66,349,70,Train Station,40.75280620914171,-73.97717535495758,2012-11-02 06:30:14,2012-10-29,train,66_16
66,3548,61,Office,40.75322745786959,-73.99013942987524,2012-11-02 07:01:36,2012-10-29,train,66_16
74,781,259,Hotel,40.75169333099049,-73.97658359254557,2012-11-01 05:00:26,2012-10-29,train,74_7
74,2244,61,Office,40.76072740182083,-73.9721298150294,2012-11-01 05:13:46,2012-10-29,train,74_7
74,2582,301,Neighborhood,40.69433808355395,-73.91874074935913,2012-11-01 16:48:28,2012-10-29,train,74_7
74,3754,257,Road,40.66988610830078,-73.93123749622983,2012-11-01 16:51:16,2012-10-29,train,74_7
74,2244,61,Office,40.76072740182083,-73.9721298150294,2012-11-02 04:56:00,2012-10-29,train,74_7
102,4913,128,Bakery,40.76025741910786,-73.99089122857772,2012-10-30 17:58:44,2012-10-29,train,102_11
102,319,258,Food & Drink Shop,40.67685118834076,-73.98010177430896,2012-10-31 15:42:58,2012-10-29,train,102_11
107,5088,120,Other Great Outdoors,40.78782018739577,-73.79104614257812,2012-10-30 09:03:44,2012-10-29,train,107_19
107,2115,26,Drugstore / Pharmacy,40.60586316648548,-73.98481362650024,2012-10-31 10:21:11,2012-10-29,train,107_19
107,2115,26,Drugstore / Pharmacy,40.60586316648548,-73.98481362650024,2012-11-01 10:47:28,2012-10-29,train,107_19
107,3315,301,Neighborhood,40.76203225371199,-73.98515224456787,2012-11-01 15:27:38,2012-10-29,train,107_19
112,625,122,Plaza,40.756489872673846,-73.98626804351807,2012-11-01 10:31:18,2012-10-29,train,112_21
112,3731,301,Neighborhood,40.7646651291205,-73.98807048797607,2012-11-01 10:33:03,2012-10-29,train,112_21
139,1559,128,Bakery,40.755564,-73.922738,2012-10-31 20:28:07,2012-10-29,train,139_19
139,1268,4,Gym / Fitness Center,40.75538459186637,-73.9226245880127,2012-10-31 20:28:30,2012-10-29,train,139_19
141,660,122,Plaza,40.76803326982161,-73.98186922073364,2012-10-30 13:14:59,2012-10-29,train,141_22
141,1183,146,Movie Theater,40.77082543131949,-73.98216214776504,2012-10-31 13:40:55,2012-10-29,train,141_22
141,1183,146,Movie Theater,40.77082543131949,-73.98216214776504,2012-10-31 13:41:09,2012-10-29,train,141_22
141,1723,246,Performing Arts Venue,40.77114935894503,-73.98270606994629,2012-10-31 13:41:33,2012-10-29,train,141_22
141,2402,121,Park,40.770949639292695,-73.98340180471577,2012-11-02 07:55:58,2012-10-29,train,141_22
141,569,97,Diner,40.768445831173246,-73.98528423145568,2012-11-02 07:56:41,2012-10-29,train,141_22
145,2699,122,Plaza,40.6319874314515,-73.94709261961549,2012-11-01 17:35:17,2012-10-29,train,145_7
145,5000,6,Home (private),40.62562269014469,-73.94186034276925,2012-11-01 18:35:10,2012-10-29,train,145_7
145,5000,6,Home (private),40.62562269014469,-73.94186034276925,2012-11-01 18:42:38,2012-10-29,train,145_7
147,5088,120,Other Great Outdoors,40.78782018739577,-73.79104614257812,2012-10-29 05:54:33,2012-10-29,train,147_8
147,2730,221,Bridge,40.69495630955058,-74.01334762573242,2012-10-30 10:02:28,2012-10-29,train,147_8
147,907,121,Park,40.74866717767752,-73.98837625980377,2012-11-01 15:35:02,2012-10-29,train,147_8
147,1370,259,Hotel,40.749964710254176,-73.99120112947547,2012-11-01 15:39:23,2012-10-29,train,147_8
147,5012,281,Residential Building (Apartment / Condo),40.709071733503215,-74.01479229823786,2012-11-01 16:34:36,2012-10-29,train,147_8
147,1370,259,Hotel,40.749964710254176,-73.99120112947547,2012-11-01 23:14:14,2012-10-29,train,147_8
147,1370,259,Hotel,40.749964710254176,-73.99120112947547,2012-11-02 09:02:24,2012-10-29,train,147_8
164,5088,120,Other Great Outdoors,40.78782018739577,-73.79104614257812,2012-10-30 13:57:38,2012-10-29,train,164_15
164,1078,137,Gym / Fitness Center,40.76164249465777,-73.9841880644695,2012-10-30 13:59:24,2012-10-29,train,164_15
164,5088,120,Other Great Outdoors,40.78782018739577,-73.79104614257812,2012-10-31 01:56:09,2012-10-29,train,164_15
164,2752,42,Food & Drink Shop,40.778504,-73.982092,2012-11-01 15:09:33,2012-10-29,train,164_15
168,1146,194,Mexican Restaurant,40.76406488952674,-73.9883660914967,2012-11-01 17:26:48,2012-10-29,train,168_11
168,2144,130,Burger Joint,40.7645853095432,-73.98759132686786,2012-11-02 02:09:38,2012-10-29,train,168_11
172,3886,74,Government Building,40.90300406983152,-74.07862186431885,2012-10-30 14:08:01,2012-10-29,train,172_11
172,5088,120,Other Great Outdoors,40.78782018739577,-73.79104614257812,2012-10-30 14:15:24,2012-10-29,train,172_11
172,3844,83,Church,40.9250807762146,-74.1067879,2012-11-01 21:16:28,2012-10-29,train,172_11
172,2124,268,Convention Center,40.933143002229926,-74.11994998357028,2012-11-02 08:08:59,2012-10-29,train,172_11
176,2844,245,General Entertainment,40.84336374022088,-73.93525593409399,2012-10-30 11:25:36,2012-10-29,train,176_21
176,3712,233,Other Great Outdoors,40.8466605456246,-73.94214449089279,2012-10-31 18:22:40,2012-10-29,train,176_21
176,4474,27,Italian Restaurant,40.7792778038002,-73.97388608496698,2012-11-01 12:13:25,2012-10-29,train,176_21
179,3578,257,Road,40.96535005,-74.06280286666667,2012-10-29 05:12:07,2012-10-29,train,179_26
179,3577,73,Bus Station,40.96457180013344,-74.06643390655518,2012-10-29 06:30:36,2012-10-29,train,179_26
179,3708,121,Park,40.96541698333333,-74.06291968333333,2012-10-29 08:04:24,2012-10-29,train,179_26
179,3502,259,Hotel,40.96537083236714,-74.06281492329502,2012-10-30 08:56:33,2012-10-29,train,179_26
179,2913,34,Gas Station / Garage,40.94816651666667,-74.06842515,2012-10-30 11:23:06,2012-10-29,train,179_26
179,3561,45,Other Nightlife,40.96533795,-74.0628079,2012-10-30 13:30:23,2012-10-29,train,179_26
179,688,102,American Restaurant,40.91922020055109,-74.07471656799316,2012-10-30 20:34:16,2012-10-29,train,179_26
179,5036,7,Clothing Store,40.91900160446153,-74.07459209340789,2012-10-30 20:43:41,2012-10-29,train,179_26
179,4902,50,Bar,40.96517162512245,-74.06274608234698,2012-10-30 22:41:57,2012-10-29,train,179_26
179,3708,121,Park,40.96541698333333,-74.06291968333333,2012-10-31 01:58:27,2012-10-29,train,179_26
179,2660,61,Office,40.96522921442873,-74.06305586641602,2012-10-31 07:25:36,2012-10-29,train,179_26
179,3578,257,Road,40.96535005,-74.06280286666667,2012-10-31 08:29:55,2012-10-29,train,179_26
179,2285,202,Pizza Place,40.967786,-74.07368968333333,2012-10-31 09:12:29,2012-10-29,train,179_26
179,3561,45,Other Nightlife,40.96533795,-74.0628079,2012-10-31 11:37:48,2012-10-29,train,179_26
179,2675,259,Hotel,40.96031922320731,-74.06725511155042,2012-10-31 20:05:46,2012-10-29,train,179_26
179,2876,26,Drugstore / Pharmacy,40.9678387,-74.07378216666666,2012-10-31 21:27:24,2012-10-29,train,179_26
179,4363,211,Bar,40.96533885740628,-74.06283213352812,2012-10-31 22:17:44,2012-10-29,train,179_26
179,4633,116,Pool,40.96535501903463,-74.06283213352812,2012-10-31 23:07:51,2012-10-29,train,179_26
179,4620,213,Bar,40.96541694223362,-74.06288376421803,2012-10-31 23:51:31,2012-10-29,train,179_26
179,4902,50,Bar,40.96517162512245,-74.06274608234698,2012-11-01 01:06:14,2012-10-29,train,179_26
179,3561,45,Other Nightlife,40.96533795,-74.0628079,2012-11-01 04:09:43,2012-10-29,train,179_26
179,3708,121,Park,40.96541698333333,-74.06291968333333,2012-11-01 06:45:14,2012-10-29,train,179_26
179,3578,257,Road,40.96535005,-74.06280286666667,2012-11-01 06:51:11,2012-10-29,train,179_26
179,3577,73,Bus Station,40.96457180013344,-74.06643390655518,2012-11-01 13:25:09,2012-10-29,train,179_26
179,2660,61,Office,40.96522921442873,-74.06305586641602,2012-11-01 14:05:19,2012-10-29,train,179_26
179,4363,211,Bar,40.96533885740628,-74.06283213352812,2012-11-01 17:56:33,2012-10-29,train,179_26
179,4633,116,Pool,40.96535501903463,-74.06283213352812,2012-11-01 19:06:02,2012-10-29,train,179_26
179,2876,26,Drugstore / Pharmacy,40.9678387,-74.07378216666666,2012-11-01 20:00:42,2012-10-29,train,179_26
179,3790,257,Road,40.96530185,-74.06305251666667,2012-11-02 00:42:19,2012-10-29,train,179_26
179,3578,257,Road,40.96535005,-74.06280286666667,2012-11-02 04:44:29,2012-10-29,train,179_26
179,3708,121,Park,40.96541698333333,-74.06291968333333,2012-11-02 05:29:14,2012-10-29,train,179_26
179,2517,90,School,40.965810267788015,-74.06760603189468,2012-11-02 07:17:36,2012-10-29,train,179_26
207,2134,138,Gym / Fitness Center,40.76011192810937,-73.96294644345505,2012-10-30 12:09:05,2012-10-29,train,207_20
207,5088,120,Other Great Outdoors,40.78782018739577,-73.79104614257812,2012-10-30 20:53:46,2012-10-29,train,207_20
207,2134,138,Gym / Fitness Center,40.76011192810937,-73.96294644345505,2012-11-01 18:45:40,2012-10-29,train,207_20
228,4703,6,Home (private),40.70477380546345,-73.94186034276925,2012-10-30 21:13:23,2012-10-29,train,228_12
228,4911,250,Design Studio,40.67282273372251,-73.99241777260337,2012-10-31 14:30:30,2012-10-29,train,228_12
228,4703,6,Home (private),40.70477380546345,-73.94186034276925,2012-10-31 22:32:58,2012-10-29,train,228_12
228,4911,250,Design Studio,40.67282273372251,-73.99241777260337,2012-11-01 09:01:36,2012-10-29,train,228_12
234,5088,120,Other Great Outdoors,40.78782018739577,-73.79104614257812,2012-10-29 08:41:58,2012-10-29,train,234_14
234,440,61,Office,40.76173157920592,-73.96798610687256,2012-10-30 12:34:11,2012-10-29,train,234_14
234,948,141,Bagel Shop,40.75618990388012,-73.97056293322844,2012-10-31 07:39:03,2012-10-29,train,234_14
234,1122,61,Office,40.761358979518974,-73.98041106489133,2012-10-31 08:11:59,2012-10-29,train,234_14
234,351,268,Convention Center,40.75671096305903,-74.00100198012031,2012-11-01 12:53:03,2012-10-29,train,234_14
236,5068,6,Home (private),40.82497237470613,-73.95361626406626,2012-11-01 14:02:55,2012-10-29,train,236_6
236,5035,6,Home (private),40.82497237470613,-73.95361626406626,2012-11-01 14:03:30,2012-10-29,train,236_6
236,5028,6,Home (private),40.82497237470613,-73.95361626406626,2012-11-01 14:04:20,2012-10-29,train,236_6
236,2718,28,Salon / Barbershop,40.815458,-73.94730238999999,2012-11-01 16:19:34,2012-10-29,train,236_6
236,5028,6,Home (private),40.82497237470613,-73.95361626406626,2012-11-02 03:36:23,2012-10-29,train,236_6
236,5035,6,Home (private),40.82497237470613,-73.95361626406626,2012-11-02 03:36:47,2012-10-29,train,236_6
250,2447,12,Gym / Fitness Center,40.67241301878795,-73.9698167945564,2012-10-30 08:26:36,2012-10-29,train,250_11
250,716,137,Gym / Fitness Center,40.69261,-73.991499,2012-10-31 12:30:53,2012-10-29,train,250_11
250,703,226,Art Gallery,40.76729171767489,-73.96567280256673,2012-11-01 18:13:47,2012-10-29,train,250_11
250,219,222,Coffee Shop,40.679668384825625,-73.97820175,2012-11-02 08:45:57,2012-10-29,train,250_11
250,2361,156,Stadium,40.68312,-73.975979,2012-11-02 08:55:03,2012-10-29,train,250_11
251,22,196,Restaurant,40.78205940499677,-73.97926958378248,2012-10-30 19:09:26,2012-10-29,train,251_4
251,1526,137,Gym / Fitness Center,40.78135679017438,-73.97971724534096,2012-10-31 17:34:20,2012-10-29,train,251_4
251,1043,121,Park,40.77585368600669,-73.97525489330292,2012-11-01 08:17:26,2012-10-29,train,251_4
251,1092,137,Gym / Fitness Center,40.7645927195712,-73.96637877979919,2012-11-01 12:36:46,2012-10-29,train,251_4
251,3591,197,Sandwich Place,40.75842406986988,-73.97068977355957,2012-11-01 14:28:41,2012-10-29,train,251_4
251,1043,121,Park,40.77585368600669,-73.97525489330292,2012-11-02 08:41:46,2012-10-29,train,251_4
251,279,121,Park,40.7714256153356,-73.97350072860723,2012-11-02 08:51:19,2012-10-29,train,251_4
251,660,122,Plaza,40.76803326982161,-73.98186922073364,2012-11-02 08:54:48,2012-10-29,train,251_4
265,3555,80,Building,40.969114326041066,-73.88059232489422,2012-10-30 09:09:00,2012-10-29,train,265_16
265,3881,301,Neighborhood,40.89821955159699,-73.86741399765015,2012-11-01 17:39:12,2012-10-29,train,265_16
265,4531,94,Caribbean Restaurant,40.88805430354332,-73.8604305062176,2012-11-01 17:39:35,2012-10-29,train,265_16
265,2655,263,Laundry Service,40.889121,-73.859668,2012-11-01 17:40:27,2012-10-29,train,265_16
269,1050,239,Airport,40.640725851595455,-73.78937244415283,2012-11-02 07:40:01,2012-10-29,train,269_8
269,1297,239,Airport,40.640888674046494,-73.78684043884277,2012-11-02 07:40:23,2012-10-29,train,269_8
272,4229,128,Bakery,40.798281,-73.963556,2012-11-01 17:59:06,2012-10-29,train,272_16
272,3640,245,General Entertainment,40.756474501928274,-73.99738182611577,2012-11-02 06:20:06,2012-10-29,train,272_16
273,5088,120,Other Great Outdoors,40.78782018739577,-73.79104614257812,2012-10-29 06:56:30,2012-10-29,train,273_16
273,3533,6,Home (private),40.88729678663871,-73.90658830179062,2012-10-31 08:10:27,2012-10-29,train,273_16
273,3533,6,Home (private),40.88729678663871,-73.90658830179062,2012-11-01 14:28:43,2012-10-29,train,273_16
273,1839,37,Bar,40.887145,-73.904555,2012-11-01 18:21:13,2012-10-29,train,273_16
281,5088,120,Other Great Outdoors,40.78782018739577,-73.79104614257812,2012-10-31 06:35:10,2012-10-29,train,281_14
281,2346,136,Office,40.755253353706,-73.97945897918443,2012-10-31 15:05:00,2012-10-29,train,281_14
281,3298,137,Gym / Fitness Center,40.78285517060552,-73.95284996968618,2012-11-01 08:32:55,2012-10-29,train,281_14
281,2346,136,Office,40.755253353706,-73.97945897918443,2012-11-01 13:03:08,2012-10-29,train,281_14
281,3298,137,Gym / Fitness Center,40.78285517060552,-73.95284996968618,2012-11-02 08:07:51,2012-10-29,train,281_14
299,3598,6,Home (private),40.69321217941903,-73.93010370763156,2012-10-31 14:53:28,2012-10-29,train,299_27
299,4153,6,Home (private),40.69321217941903,-73.93010370763156,2012-10-31 14:56:38,2012-10-29,train,299_27
299,5063,282,Convenience Store,40.68904527212705,-73.93031898445723,2012-10-31 14:58:34,2012-10-29,train,299_27
299,3557,253,General Travel,40.68896799720544,-73.92899861616681,2012-10-31 15:00:26,2012-10-29,train,299_27
299,3593,96,Deli / Bodega,40.70427317579925,-73.94809715465664,2012-10-31 15:37:19,2012-10-29,train,299_27
299,3628,120,Other Great Outdoors,40.71430292374222,-73.94942887306698,2012-10-31 15:45:25,2012-10-29,train,299_27
299,1781,202,Pizza Place,40.71416030830439,-73.94938295189516,2012-10-31 15:46:18,2012-10-29,train,299_27
299,359,128,Bakery,40.71505590186361,-73.9495034949479,2012-10-31 15:47:45,2012-10-29,train,299_27
299,2504,96,Deli / Bodega,40.716069008205125,-73.9497388406914,2012-10-31 15:48:18,2012-10-29,train,299_27
299,3636,60,Smoke Shop,40.71595073760232,-73.94959533722336,2012-10-31 16:50:51,2012-10-29,train,299_27
299,5003,253,General Travel,40.71532844619961,-73.94954367594879,2012-10-31 22:28:45,2012-10-29,train,299_27
299,3593,96,Deli / Bodega,40.70427317579925,-73.94809715465664,2012-10-31 23:05:02,2012-10-29,train,299_27
299,5091,114,Cemetery,40.74890933404696,-73.96507013702977,2012-11-01 02:16:36,2012-10-29,train,299_27
299,3598,6,Home (private),40.69321217941903,-73.93010370763156,2012-11-01 13:09:32,2012-10-29,train,299_27
299,3553,6,Home (private),40.69321217941903,-73.93010370763156,2012-11-01 13:09:53,2012-10-29,train,299_27
299,4153,6,Home (private),40.69321217941903,-73.93010370763156,2012-11-01 13:37:59,2012-10-29,train,299_27
299,5029,96,Deli / Bodega,40.68914413452149,-73.9303207397461,2012-11-01 13:38:44,2012-10-29,train,299_27
299,3557,253,General Travel,40.68896799720544,-73.92899861616681,2012-11-01 13:41:04,2012-10-29,train,299_27
299,3628,120,Other Great Outdoors,40.71430292374222,-73.94942887306698,2012-11-01 14:45:21,2012-10-29,train,299_27
299,1781,202,Pizza Place,40.71416030830439,-73.94938295189516,2012-11-01 14:45:57,2012-10-29,train,299_27
299,359,128,Bakery,40.71505590186361,-73.9495034949479,2012-11-01 14:46:46,2012-10-29,train,299_27
301,178,220,BBQ Joint,40.772301,-73.955844,2012-10-31 00:31:30,2012-10-29,train,301_22
301,691,37,Bar,40.77138107266706,-73.95646042374283,2012-10-31 01:48:39,2012-10-29,train,301_22
301,691,37,Bar,40.77138107266706,-73.95646042374283,2012-10-31 20:53:16,2012-10-29,train,301_22
319,4961,281,Residential Building (Apartment / Condo),40.76620905075257,-73.92425537109375,2012-10-31 00:14:55,2012-10-29,train,319_20
319,4961,281,Residential Building (Apartment / Condo),40.76620905075257,-73.92425537109375,2012-11-01 22:59:04,2012-10-29,train,319_20
320,5061,6,Home (private),40.72554094394651,-73.74190167904314,2012-10-29 09:26:49,2012-10-29,train,320_19
320,1290,42,Food & Drink Shop,40.7828595918456,-73.83525835122813,2012-10-30 13:21:44,2012-10-29,train,320_19
320,4555,6,Home (private),40.72554094394651,-73.74190167904314,2012-10-31 04:45:18,2012-10-29,train,320_19
321,4147,207,Dessert Shop,40.77067079552426,-73.96607457854454,2012-11-01 18:25:35,2012-10-29,train,321_19
321,4519,29,Japanese Restaurant,40.76316588469643,-73.97701978170798,2012-11-01 21:08:14,2012-10-29,train,321_19
324,4009,28,Salon / Barbershop,40.672888741097566,-73.87088780603517,2012-10-29 08:50:24,2012-10-29,train,324_25
324,3231,95,Chinese Restaurant,40.67295591375991,-73.87083612387994,2012-10-29 08:52:26,2012-10-29,train,324_25
324,4818,96,Deli / Bodega,40.67295591375991,-73.87084186634232,2012-10-29 08:53:10,2012-10-29,train,324_25
324,4814,94,Caribbean Restaurant,40.67295509289303,-73.87084186634232,2012-10-30 12:07:46,2012-10-29,train,324_25
324,4009,28,Salon / Barbershop,40.672888741097566,-73.87088780603517,2012-10-30 12:08:15,2012-10-29,train,324_25
324,2645,95,Chinese Restaurant,40.67295263029044,-73.87085335126653,2012-10-30 12:08:53,2012-10-29,train,324_25
324,4818,96,Deli / Bodega,40.67295591375991,-73.87084186634232,2012-10-30 12:09:11,2012-10-29,train,324_25
324,2273,34,Gas Station / Garage,40.67297503890257,-73.87077869924707,2012-10-30 12:09:48,2012-10-29,train,324_25
324,3231,95,Chinese Restaurant,40.67295591375991,-73.87083612387994,2012-10-30 12:10:26,2012-10-29,train,324_25
324,3027,202,Pizza Place,40.6729684719258,-73.87084186634232,2012-10-30 12:10:42,2012-10-29,train,324_25
324,4818,96,Deli / Bodega,40.67295591375991,-73.87084186634232,2012-10-30 22:47:43,2012-10-29,train,324_25
324,4009,28,Salon / Barbershop,40.672888741097566,-73.87088780603517,2012-10-30 23:50:33,2012-10-29,train,324_25
324,3663,263,Laundry Service,40.67298252266685,-73.87099117030478,2012-10-30 23:53:02,2012-10-29,train,324_25
324,3279,258,Food & Drink Shop,40.67297020964244,-73.87097394293029,2012-10-30 23:53:37,2012-10-29,train,324_25
324,4818,96,Deli / Bodega,40.67295591375991,-73.87084186634232,2012-10-31 09:07:41,2012-10-29,train,324_25
324,4219,113,Garden,40.67290578748258,-73.87081315402881,2012-10-31 09:08:15,2012-10-29,train,324_25
324,4814,94,Caribbean Restaurant,40.67295509289303,-73.87084186634232,2012-10-31 09:08:41,2012-10-29,train,324_25
324,2645,95,Chinese Restaurant,40.67295263029044,-73.87085335126653,2012-10-31 09:09:35,2012-10-29,train,324_25
324,3027,202,Pizza Place,40.6729684719258,-73.87084186634232,2012-10-31 09:12:02,2012-10-29,train,324_25
324,4009,28,Salon / Barbershop,40.672888741097566,-73.87088780603517,2012-10-31 09:12:49,2012-10-29,train,324_25
324,4009,28,Salon / Barbershop,40.672888741097566,-73.87088780603517,2012-10-31 17:48:48,2012-10-29,train,324_25
324,3409,95,Chinese Restaurant,40.67295354709571,-73.87089354849601,2012-10-31 17:50:05,2012-10-29,train,324_25
324,3279,258,Food & Drink Shop,40.67297020964244,-73.87097394293029,2012-10-31 17:51:07,2012-10-29,train,324_25
324,3663,263,Laundry Service,40.67298252266685,-73.87099117030478,2012-10-31 17:51:38,2012-10-29,train,324_25
324,3399,42,Food & Drink Shop,40.67298252266685,-73.87070978966543,2012-10-31 17:52:14,2012-10-29,train,324_25
324,4415,73,Bus Station,40.67502037261159,-73.8717893703308,2012-10-31 17:54:05,2012-10-29,train,324_25
324,4219,113,Garden,40.67290578748258,-73.87081315402881,2012-11-01 05:17:12,2012-10-29,train,324_25
324,2645,95,Chinese Restaurant,40.67295263029044,-73.87085335126653,2012-11-01 05:17:53,2012-10-29,train,324_25
324,4818,96,Deli / Bodega,40.67295591375991,-73.87084186634232,2012-11-01 05:18:13,2012-10-29,train,324_25
324,2273,34,Gas Station / Garage,40.67297503890257,-73.87077869924707,2012-11-01 05:18:50,2012-10-29,train,324_25
324,3231,95,Chinese Restaurant,40.67295591375991,-73.87083612387994,2012-11-01 11:05:35,2012-10-29,train,324_25
324,2273,34,Gas Station / Garage,40.67297503890257,-73.87077869924707,2012-11-01 17:11:31,2012-10-29,train,324_25
324,4009,28,Salon / Barbershop,40.672888741097566,-73.87088780603517,2012-11-01 17:11:46,2012-10-29,train,324_25
324,3399,42,Food & Drink Shop,40.67298252266685,-73.87070978966543,2012-11-01 17:14:36,2012-10-29,train,324_25
341,2641,37,Bar,40.71406101907229,-73.95600122824496,2012-10-30 21:51:09,2012-10-29,train,341_16
341,764,221,Bridge,40.713565479798646,-73.97236347198486,2012-11-01 20:04:08,2012-10-29,train,341_16
341,971,221,Bridge,40.705953265881305,-73.99656772613525,2012-11-02 00:13:20,2012-10-29,train,341_16
341,108,21,French Restaurant,40.72270549271865,-73.99819850921631,2012-11-02 01:09:02,2012-10-29,train,341_16
342,5088,120,Other Great Outdoors,40.78782018739577,-73.79104614257812,2012-10-29 08:41:32,2012-10-29,train,342_25
342,5088,120,Other Great Outdoors,40.78782018739577,-73.79104614257812,2012-10-31 10:38:13,2012-10-29,train,342_25
347,5088,120,Other Great Outdoors,40.78782018739577,-73.79104614257812,2012-10-29 00:24:57,2012-10-29,train,347_1
347,5088,120,Other Great Outdoors,40.78782018739577,-73.79104614257812,2012-10-30 20:37:55,2012-10-29,train,347_1
347,1019,7,Clothing Store,40.73216902800922,-73.99034603133893,2012-10-31 19:05:42,2012-10-29,train,347_1
347,1575,7,Clothing Store,40.75371559794147,-73.98094721858729,2012-11-01 02:41:56,2012-10-29,train,347_1
351,4598,6,Home (private),40.767237460001375,-73.89482953406639,2012-10-29 06:29:22,2012-10-29,train,351_25
351,380,121,Park,40.780519,-73.920682,2012-10-30 14:42:33,2012-10-29,train,351_25
351,789,141,Bagel Shop,40.77464642864513,-73.90869251819866,2012-10-30 14:56:42,2012-10-29,train,351_25
351,4598,6,Home (private),40.767237460001375,-73.89482953406639,2012-10-30 15:32:12,2012-10-29,train,351_25
351,4598,6,Home (private),40.767237460001375,-73.89482953406639,2012-10-31 06:33:13,2012-10-29,train,351_25
351,4598,6,Home (private),40.767237460001375,-73.89482953406639,2012-11-01 06:28:16,2012-10-29,train,351_25
351,4598,6,Home (private),40.767237460001375,-73.89482953406639,2012-11-01 17:39:06,2012-10-29,train,351_25
351,4598,6,Home (private),40.767237460001375,-73.89482953406639,2012-11-02 07:12:20,2012-10-29,train,351_25
352,1913,264,Subway,40.69147464622913,-73.98738384246826,2012-11-01 08:09:44,2012-10-29,train,352_20
352,2361,156,Stadium,40.68312,-73.975979,2012-11-02 06:43:39,2012-10-29,train,352_20
355,1314,239,Airport,40.64878508617476,-73.78984451293945,2012-10-29 05:47:35,2012-10-29,train,355_10
355,978,239,Airport,40.649257213175055,-73.78267765045166,2012-10-31 08:22:41,2012-10-29,train,355_10
355,2642,42,Food & Drink Shop,40.6497376836613,-73.88913649733915,2012-10-31 22:23:33,2012-10-29,train,355_10
355,1314,239,Airport,40.64878508617476,-73.78984451293945,2012-11-01 05:29:42,2012-10-29,train,355_10
355,5069,61,Office,40.64791919344307,-73.79936971013167,2012-11-01 08:28:28,2012-10-29,train,355_10
355,5069,61,Office,40.64791919344307,-73.79936971013167,2012-11-02 08:19:35,2012-10-29,train,355_10
355,3542,80,Building,40.66120511314307,-73.7827500623555,2012-11-02 08:30:51,2012-10-29,train,355_10
356,1816,26,Drugstore / Pharmacy,40.78003976949308,-73.94729018211365,2012-10-30 17:48:17,2012-10-29,train,356_25
356,3531,6,Home (private),40.773942932058,-73.94186034276925,2012-10-31 13:39:36,2012-10-29,train,356_25
356,2924,301,Neighborhood,40.775276834803655,-73.95360946655273,2012-10-31 13:39:56,2012-10-29,train,356_25
356,1357,96,Deli / Bodega,40.77893543470787,-73.94720742388425,2012-10-31 21:42:19,2012-10-29,train,356_25
356,2924,301,Neighborhood,40.775276834803655,-73.95360946655273,2012-11-01 07:27:34,2012-10-29,train,356_25
356,1889,222,Coffee Shop,40.72285185282303,-73.86757493019104,2012-11-01 08:23:19,2012-10-29,train,356_25
356,3531,6,Home (private),40.773942932058,-73.94186034276925,2012-11-01 23:46:14,2012-10-29,train,356_25
356,2924,301,Neighborhood,40.775276834803655,-73.95360946655273,2012-11-01 23:46:29,2012-10-29,train,356_25
356,2584,172,College Academic Building,40.737116,-73.81773096975977,2012-11-02 09:58:22,2012-10-29,train,356_25
365,4731,281,Residential Building (Apartment / Condo),40.76698912383244,-73.95874857902527,2012-10-31 07:38:53,2012-10-29,train,365_4
365,4731,281,Residential Building (Apartment / Condo),40.76698912383244,-73.95874857902527,2012-11-01 00:02:42,2012-10-29,train,365_4
367,3174,63,Office,40.80036117114784,-73.94424319267273,2012-10-31 16:13:33,2012-10-29,train,367_24
367,3174,63,Office,40.80036117114784,-73.94424319267273,2012-10-31 21:19:44,2012-10-29,train,367_24
367,1133,264,Subway,40.71063780819672,-73.79437208175659,2012-11-01 17:18:20,2012-10-29,train,367_24
367,3255,34,Gas Station / Garage,40.70931714375117,-73.79742230153308,2012-11-01 17:19:04,2012-10-29,train,367_24
367,3174,63,Office,40.80036117114784,-73.94424319267273,2012-11-02 08:23:43,2012-10-29,train,367_24
367,2481,264,Subway,40.713809998131545,-73.83071483139443,2012-11-02 08:56:30,2012-10-29,train,367_24
367,3074,301,Neighborhood,40.71369559554873,-73.83121490478516,2012-11-02 08:57:25,2012-10-29,train,367_24
370,5088,120,Other Great Outdoors,40.78782018739577,-73.79104614257812,2012-10-30 19:33:34,2012-10-29,train,370_16
370,4761,54,Food & Drink Shop,40.616788249216725,-73.97330640287038,2012-11-02 07:48:56,2012-10-29,train,370_16
398,4342,61,Office,40.867133274376464,-73.8783413787014,2012-11-02 07:45:06,2012-10-29,train,398_10
398,4581,113,Garden,40.86187428993754,-73.88083349616652,2012-11-02 08:13:00,2012-10-29,train,398_10
407,1535,146,Movie Theater,40.69048327919688,-73.99201031279264,2012-10-31 13:59:19,2012-10-29,train,407_24
407,5087,281,Residential Building (Apartment / Condo),40.676487,-73.958906,2012-10-31 21:20:44,2012-10-29,train,407_24
407,582,39,Beer Garden,40.67230729295687,-73.95784374357962,2012-11-01 19:59:29,2012-10-29,train,407_24
414,1720,264,Subway,40.71299103635752,-73.78283049260818,2012-11-01 13:25:05,2012-10-29,train,414_11
414,3083,139,Medical Center,40.68449898,-73.8454856,2012-11-02 09:01:47,2012-10-29,train,414_11
443,4923,301,Neighborhood,40.73873719958947,-74.2325743177229,2012-10-30 13:53:56,2012-10-29,train,443_9
443,4745,6,Home (private),40.75605706725121,-74.23554035653764,2012-10-30 17:02:11,2012-10-29,train,443_9
443,4730,6,Home (private),40.72310696218072,-74.2120629207231,2012-10-31 04:21:25,2012-10-29,train,443_9
443,4730,6,Home (private),40.72310696218072,-74.2120629207231,2012-11-01 09:56:33,2012-10-29,train,443_9
443,4148,317,City,40.77170548519094,-74.23246541876722,2012-11-01 12:11:39,2012-10-29,train,443_9
443,4482,301,Neighborhood,40.73234017940896,-74.23508048057556,2012-11-01 13:35:57,2012-10-29,train,443_9
443,4730,6,Home (private),40.72310696218072,-74.2120629207231,2012-11-01 14:19:47,2012-10-29,train,443_9
443,4745,6,Home (private),40.75605706725121,-74.23554035653764,2012-11-01 15:15:23,2012-10-29,train,443_9
443,2820,132,Fast Food Restaurant,40.753793031110206,-74.21435863712875,2012-11-02 02:04:09,2012-10-29,train,443_9
443,4730,6,Home (private),40.72310696218072,-74.2120629207231,2012-11-02 04:20:01,2012-10-29,train,443_9
453,337,214,Bar,40.76430758425931,-73.98882150650024,2012-10-30 22:42:08,2012-10-29,train,453_13
453,5059,214,Bar,40.763158392475695,-73.99294574740858,2012-11-01 00:39:23,2012-10-29,train,453_13
453,3301,214,Bar,40.76421262848506,-73.9870174251268,2012-11-01 02:01:09,2012-10-29,train,453_13
454,5056,6,Home (private),40.85121751529271,-73.93010370763155,2012-10-30 10:49:12,2012-10-29,train,454_11
454,5039,6,Home (private),40.85121751529271,-73.93010370763155,2012-10-30 10:49:18,2012-10-29,train,454_11
454,5039,6,Home (private),40.85121751529271,-73.93010370763155,2012-10-30 15:11:36,2012-10-29,train,454_11
454,1740,183,University,40.85020657199377,-73.93111694180757,2012-10-31 12:36:05,2012-10-29,train,454_11
454,5039,6,Home (private),40.85121751529271,-73.93010370763155,2012-10-31 17:41:19,2012-10-29,train,454_11
454,5056,6,Home (private),40.85121751529271,-73.93010370763155,2012-10-31 20:51:04,2012-10-29,train,454_11
454,5056,6,Home (private),40.85121751529271,-73.93010370763155,2012-11-01 11:56:52,2012-10-29,train,454_11
454,5039,6,Home (private),40.85121751529271,-73.93010370763155,2012-11-01 14:55:56,2012-10-29,train,454_11
454,1740,183,University,40.85020657199377,-73.93111694180757,2012-11-01 23:09:21,2012-10-29,train,454_11
455,3630,220,BBQ Joint,40.76042349214541,-73.99119539057452,2012-10-30 15:07:52,2012-10-29,train,455_13
455,1717,61,Office,40.737096029430745,-73.99273753166199,2012-10-31 18:09:47,2012-10-29,train,455_13
455,5091,114,Cemetery,40.74890933404696,-73.96507013702977,2012-10-31 21:07:23,2012-10-29,train,455_13
459,5071,282,Convenience Store,40.76431775545127,-73.96171239455319,2012-10-31 00:17:01,2012-10-29,train,459_1
459,917,206,Seafood Restaurant,40.77268095647125,-73.95842347218186,2012-10-31 15:08:12,2012-10-29,train,459_1
486,3909,6,Home (private),40.64053341403471,-73.97712595918333,2012-10-30 15:43:21,2012-10-29,train,486_19
486,357,70,Train Station,40.750794799423865,-73.99357639021292,2012-11-01 20:04:31,2012-10-29,train,486_19
486,3751,281,Residential Building (Apartment / Condo),40.65036206222911,-73.96493812432726,2012-11-02 00:12:46,2012-10-29,train,486_19
486,2217,98,Donut Shop,40.65079702473058,-73.95877360445469,2012-11-02 08:42:19,2012-10-29,train,486_19
500,4084,6,Home (private),40.60259048645985,-73.98887973002674,2012-10-29 00:00:50,2012-10-29,train,500_13
500,5088,120,Other Great Outdoors,40.78782018739577,-73.79104614257812,2012-10-29 03:02:31,2012-10-29,train,500_13
503,4234,98,Donut Shop,40.720751845290096,-73.84438456208835,2012-10-31 06:00:30,2012-10-29,train,503_2
503,1293,138,Gym / Fitness Center,40.721125381535565,-73.8470896070464,2012-10-31 06:00:51,2012-10-29,train,503_2
503,4234,98,Donut Shop,40.720751845290096,-73.84438456208835,2012-11-02 05:54:26,2012-10-29,train,503_2
503,1293,138,Gym / Fitness Center,40.721125381535565,-73.8470896070464,2012-11-02 05:58:51,2012-10-29,train,503_2
503,1754,222,Coffee Shop,40.72111512901744,-73.8473308194441,2012-11-02 07:03:34,2012-10-29,train,503_2
508,5013,138,Gym / Fitness Center,40.631303,-74.023116,2012-10-29 07:03:17,2012-10-29,train,508_19
508,3038,301,Neighborhood,40.63382181425697,-74.0152359008789,2012-10-31 10:09:34,2012-10-29,train,508_19
508,3038,301,Neighborhood,40.63382181425697,-74.0152359008789,2012-10-31 10:45:00,2012-10-29,train,508_19
513,239,232,Music Venue,40.717776,-73.957848,2012-10-31 16:13:15,2012-10-29,train,513_9
513,276,37,Bar,40.71412238900447,-73.94903280260148,2012-10-31 22:19:43,2012-10-29,train,513_9
513,169,37,Bar,40.71501300319713,-73.95146369934082,2012-10-31 23:46:26,2012-10-29,train,513_9
514,5081,55,Bar,40.66376219859234,-73.94717298261078,2012-10-30 16:38:25,2012-10-29,train,514_5
514,5081,55,Bar,40.66376219859234,-73.94717298261078,2012-10-31 17:23:50,2012-10-29,train,514_5
515,5077,269,Miscellaneous Shop,40.86849116684047,-73.92241960380116,2012-10-30 16:29:00,2012-10-29,train,515_9
515,5076,269,Miscellaneous Shop,40.868176894447394,-73.92223589345164,2012-10-30 16:51:50,2012-10-29,train,515_9
515,4409,80,Building,40.86855201040876,-73.92238515812386,2012-10-30 16:56:58,2012-10-29,train,515_9
515,5077,269,Miscellaneous Shop,40.86849116684047,-73.92241960380116,2012-11-01 16:53:15,2012-10-29,train,515_9
515,2737,97,Diner,40.86840303957776,-73.92228182105531,2012-11-01 16:53:49,2012-10-29,train,515_9
515,5076,269,Miscellaneous Shop,40.868176894447394,-73.92223589345164,2012-11-01 16:56:14,2012-10-29,train,515_9
515,815,121,Park,40.87241883265895,-73.92052508248331,2012-11-01 17:11:40,2012-10-29,train,515_9
515,5088,120,Other Great Outdoors,40.78782018739577,-73.79104614257812,2012-11-01 17:21:55,2012-10-29,train,515_9
515,5077,269,Miscellaneous Shop,40.86849116684047,-73.92241960380116,2012-11-01 18:04:24,2012-10-29,train,515_9
515,4409,80,Building,40.86855201040876,-73.92238515812386,2012-11-02 08:51:22,2012-10-29,train,515_9
517,651,61,Office,40.89499427038625,-73.94231096131689,2012-10-30 07:58:43,2012-10-29,train,517_24
517,357,70,Train Station,40.750794799423865,-73.99357639021292,2012-11-01 18:12:08,2012-10-29,train,517_24
517,651,61,Office,40.89499427038625,-73.94231096131689,2012-11-02 09:02:16,2012-10-29,train,517_24
518,1747,222,Coffee Shop,40.7591180719511,-73.98258684595439,2012-10-31 08:56:04,2012-10-29,train,518_3
518,1747,222,Coffee Shop,40.7591180719511,-73.98258684595439,2012-11-01 08:54:49,2012-10-29,train,518_3
520,847,265,Mall,40.917335441802095,-74.0756607055664,2012-10-30 16:37:27,2012-10-29,train,520_22
520,1985,306,Middle School,40.82679440618509,-74.21639351788353,2012-11-01 07:38:38,2012-10-29,train,520_22
520,1985,306,Middle School,40.82679440618509,-74.21639351788353,2012-11-02 07:28:35,2012-10-29,train,520_22
524,5088,120,Other Great Outdoors,40.78782018739577,-73.79104614257812,2012-10-29 09:14:35,2012-10-29,train,524_17
524,2159,138,Gym / Fitness Center,40.84981921208277,-73.93463595197066,2012-11-01 18:45:53,2012-10-29,train,524_17
546,3572,245,General Entertainment,40.82446718763418,-73.9537396744875,2012-10-31 22:26:15,2012-10-29,train,546_22
546,3572,245,General Entertainment,40.82446718763418,-73.9537396744875,2012-11-01 04:46:59,2012-10-29,train,546_22
546,2469,3,Thrift / Vintage Store,40.7632138239065,-73.98908346336458,2012-11-01 15:02:37,2012-10-29,train,546_22
546,1484,214,Bar,40.760871,-73.990166,2012-11-01 18:55:43,2012-10-29,train,546_22
549,3771,281,Residential Building (Apartment / Condo),40.68881469717024,-73.98510631996176,2012-10-30 13:16:33,2012-10-29,train,549_22
549,3771,281,Residential Building (Apartment / Condo),40.68881469717024,-73.98510631996176,2012-10-30 23:44:25,2012-10-29,train,549_22
549,3771,281,Residential Building (Apartment / Condo),40.68881469717024,-73.98510631996176,2012-11-01 00:55:34,2012-10-29,train,549_22
549,3771,281,Residential Building (Apartment / Condo),40.68881469717024,-73.98510631996176,2012-11-01 21:45:36,2012-10-29,train,549_22
553,5088,120,Other Great Outdoors,40.78782018739577,-73.79104614257812,2012-10-29 08:32:51,2012-10-29,train,553_26
553,5088,120,Other Great Outdoors,40.78782018739577,-73.79104614257812,2012-10-29 08:33:33,2012-10-29,train,553_26
553,4161,301,Neighborhood,40.62038116692997,-73.96068497107262,2012-10-30 18:25:35,2012-10-29,train,553_26
553,5047,6,Home (private),40.619062926127285,-73.96537147003376,2012-10-30 18:26:11,2012-10-29,train,553_26
553,5091,114,Cemetery,40.74890933404696,-73.96507013702977,2012-10-31 22:17:35,2012-10-29,train,553_26
553,5047,6,Home (private),40.619062926127285,-73.96537147003376,2012-10-31 22:18:26,2012-10-29,train,553_26
554,5088,120,Other Great Outdoors,40.78782018739577,-73.79104614257812,2012-10-29 09:05:14,2012-10-29,train,554_4
554,3134,137,Gym / Fitness Center,40.86253812737291,-74.2276967274775,2012-10-31 14:42:35,2012-10-29,train,554_4
555,1562,80,Building,40.75924127383409,-73.99601026811312,2012-10-30 11:02:10,2012-10-29,train,555_11
555,336,48,Bar,40.74985920636586,-73.98996152288103,2012-10-30 12:59:34,2012-10-29,train,555_11
555,1562,80,Building,40.75924127383409,-73.99601026811312,2012-10-30 19:24:10,2012-10-29,train,555_11
555,5088,120,Other Great Outdoors,40.78782018739577,-73.79104614257812,2012-10-31 09:40:32,2012-10-29,train,555_11
555,559,48,Bar,40.76066701799484,-73.99494767189026,2012-10-31 21:27:10,2012-10-29,train,555_11
555,5091,114,Cemetery,40.74890933404696,-73.96507013702977,2012-10-31 23:27:51,2012-10-29,train,555_11
559,1312,163,Medical Center,40.79005808189985,-73.95325005054474,2012-10-30 22:20:03,2012-10-29,train,559_11
559,4139,96,Deli / Bodega,40.80507336437818,-73.94108826141857,2012-10-30 22:23:08,2012-10-29,train,559_11
559,3527,120,Other Great Outdoors,40.80489686471875,-73.93880357143554,2012-11-01 06:34:52,2012-10-29,train,559_11
559,2231,42,Food & Drink Shop,40.80423128310824,-73.93684032384479,2012-11-01 06:37:46,2012-10-29,train,559_11
566,2022,108,Gastropub,40.80202685,-74.20413768333333,2012-10-30 18:07:44,2012-10-29,train,566_23
566,1987,222,Coffee Shop,40.812038,-74.19436435,2012-10-31 08:59:09,2012-10-29,train,566_23
566,4947,136,Office,40.81142848322627,-74.1967430825946,2012-10-31 11:24:29,2012-10-29,train,566_23
566,4947,136,Office,40.81142848322627,-74.1967430825946,2012-11-01 09:04:50,2012-10-29,train,566_23
571,4061,47,Bar,40.78133756458156,-73.94936573145294,2012-10-30 19:58:53,2012-10-29,train,571_4
571,279,121,Park,40.7714256153356,-73.97350072860723,2012-10-31 11:32:27,2012-10-29,train,571_4
571,4981,50,Bar,40.77539049223428,-73.95306809124237,2012-10-31 21:25:56,2012-10-29,train,571_4
571,3664,194,Mexican Restaurant,40.77787134925543,-73.95476139494657,2012-11-01 14:24:36,2012-10-29,train,571_4
572,2907,281,Residential Building (Apartment / Condo),40.75757750382832,-73.96870332070132,2012-10-30 12:53:34,2012-10-29,train,572_18
572,493,55,Bar,40.75625012037101,-73.9677161116947,2012-10-30 19:27:00,2012-10-29,train,572_18
572,2969,269,Miscellaneous Shop,40.758249600000006,-73.970181,2012-10-31 09:23:40,2012-10-29,train,572_18
572,1957,222,Coffee Shop,40.75708314082242,-73.97595226764679,2012-10-31 09:54:15,2012-10-29,train,572_18
572,2907,281,Residential Building (Apartment / Condo),40.7575538040107,-73.96823841476443,2012-11-02 02:07:45,2012-10-29,train,572_18
575,2676,269,Miscellaneous Shop,40.89239656932563,-74.11344766616821,2012-10-31 12:27:02,2012-10-29,train,575_15
575,2676,269,Miscellaneous Shop,40.89239656932563,-74.11344766616821,2012-11-01 09:07:26,2012-10-29,train,575_15
576,2711,174,College Academic Building,40.776676566038034,-73.98056665158647,2012-10-31 02:38:58,2012-10-29,train,576_1
576,616,130,Burger Joint,40.78082577322013,-73.97648334503174,2012-10-31 14:53:28,2012-10-29,train,576_1
576,2711,174,College Academic Building,40.776676566038034,-73.98056665158647,2012-11-01 21:02:25,2012-10-29,train,576_1
576,5086,281,Residential Building (Apartment / Condo),40.776898,-73.980176,2012-11-02 07:31:48,2012-10-29,train,576_1
578,1125,137,Gym / Fitness Center,40.7604948873082,-73.96458800324365,2012-10-30 14:53:54,2012-10-29,train,578_11
578,496,254,Department Store,40.76459171490056,-73.97121297728602,2012-10-30 15:57:56,2012-10-29,train,578_11
578,1125,137,Gym / Fitness Center,40.7604948873082,-73.96458800324365,2012-10-31 08:29:26,2012-10-29,train,578_11
578,1125,137,Gym / Fitness Center,40.7604948873082,-73.96458800324365,2012-11-01 13:43:06,2012-10-29,train,578_11
581,5032,281,Residential Building (Apartment / Condo),40.712683,-73.961298,2012-10-30 23:18:44,2012-10-29,train,581_4
581,272,214,Bar,40.713650054598894,-73.94946331393868,2012-11-02 01:35:15,2012-10-29,train,581_4
586,1019,7,Clothing Store,40.73216902800922,-73.99034603133893,2012-11-01 00:17:57,2012-10-29,train,586_0
586,1019,7,Clothing Store,40.73216902800922,-73.99034603133893,2012-11-01 04:53:06,2012-10-29,train,586_0
587,479,265,Mall,40.73405557647634,-73.87084722518921,2012-10-31 17:06:58,2012-10-29,train,587_3
587,3007,26,Drugstore / Pharmacy,40.64153995987908,-73.93751621246338,2012-11-01 15:19:35,2012-10-29,train,587_3
588,1833,222,Coffee Shop,40.70813495353977,-73.83076429367065,2012-10-29 08:02:17,2012-10-29,train,588_24
588,3456,284,Historic Site,40.79301881008675,-73.94794464111328,2012-10-30 09:02:21,2012-10-29,train,588_24
588,4298,280,Travel & Transport,40.798318227843616,-73.9230281430934,2012-10-30 14:36:44,2012-10-29,train,588_24
588,1833,222,Coffee Shop,40.70813495353977,-73.83076429367065,2012-10-31 07:07:10,2012-10-29,train,588_24
588,2537,263,Laundry Service,40.723876,-73.848102,2012-10-31 07:14:08,2012-10-29,train,588_24
588,4298,280,Travel & Transport,40.798318227843616,-73.9230281430934,2012-10-31 11:55:17,2012-10-29,train,588_24
588,3456,284,Historic Site,40.79301881008675,-73.94794464111328,2012-10-31 12:04:22,2012-10-29,train,588_24
588,1833,222,Coffee Shop,40.70813495353977,-73.83076429367065,2012-11-01 07:54:51,2012-10-29,train,588_24
588,1833,222,Coffee Shop,40.70813495353977,-73.83076429367065,2012-11-02 07:33:33,2012-10-29,train,588_24
608,3973,301,Neighborhood,40.81235648691451,-73.90973744123112,2012-10-31 18:57:52,2012-10-29,train,608_23
608,1298,221,Bridge,40.82809886666084,-73.93391132354736,2012-11-01 08:27:00,2012-10-29,train,608_23
608,1298,221,Bridge,40.82809886666084,-73.93391132354736,2012-11-01 17:44:52,2012-10-29,train,608_23
609,2814,206,Seafood Restaurant,40.77483281091239,-73.95447439536345,2012-10-30 13:18:22,2012-10-29,train,609_17
609,1285,137,Gym / Fitness Center,40.77800831707478,-73.9541472153185,2012-11-01 18:01:11,2012-10-29,train,609_17
610,2733,80,Building,40.82749248,-73.8566178,2012-10-31 20:35:20,2012-10-29,train,610_21
610,2697,58,Electronics Store,40.82593,-73.85714,2012-11-01 16:58:59,2012-10-29,train,610_21
610,2733,80,Building,40.82749248,-73.8566178,2012-11-01 16:59:23,2012-10-29,train,610_21
626,4545,6,Home (private),40.94660079949698,-73.97712595918333,2012-10-30 23:36:09,2012-10-29,train,626_7
626,4536,6,Home (private),40.94660079949698,-73.97712595918333,2012-10-31 19:39:43,2012-10-29,train,626_7
626,4545,6,Home (private),40.94660079949698,-73.97712595918333,2012-11-01 21:06:45,2012-10-29,train,626_7
626,1814,222,Coffee Shop,40.972154374213545,-73.96090507507324,2012-11-02 09:55:46,2012-10-29,train,626_7
627,4096,257,Road,40.76663447983372,-73.71674041241091,2012-10-30 13:26:05,2012-10-29,train,627_8
627,2379,32,Hardware Store,40.75303060764001,-73.83537896469491,2012-10-31 09:15:46,2012-10-29,train,627_8
627,4857,80,Building,40.78390963909752,-73.83610838742469,2012-11-01 08:47:51,2012-10-29,train,627_8
645,41,42,Food & Drink Shop,40.780557679970805,-73.98171901702881,2012-10-30 16:13:01,2012-10-29,train,645_6
645,1526,137,Gym / Fitness Center,40.78135679017438,-73.97971724534096,2012-11-01 13:47:56,2012-10-29,train,645_6
645,1526,137,Gym / Fitness Center,40.78135679017438,-73.97971724534096,2012-11-01 15:09:48,2012-10-29,train,645_6
663,5016,6,Home (private),40.75931344493279,-74.04763775758458,2012-10-30 12:23:57,2012-10-29,train,663_23
663,5088,120,Other Great Outdoors,40.78782018739577,-73.79104614257812,2012-10-30 16:40:45,2012-10-29,train,663_23
663,5091,114,Cemetery,40.74890933404696,-73.96507013702977,2012-10-31 20:35:14,2012-10-29,train,663_23
663,2304,102,American Restaurant,40.78645548149673,-74.04630661010742,2012-11-01 14:57:55,2012-10-29,train,663_23
663,5016,6,Home (private),40.75931344493279,-74.04763775758458,2012-11-01 16:53:07,2012-10-29,train,663_23
670,2870,96,Deli / Bodega,40.812158822891696,-74.19442355632782,2012-10-31 06:28:34,2012-10-29,train,670_16
670,2267,70,Train Station,40.79263095814757,-74.2000937461853,2012-11-01 09:59:50,2012-10-29,train,670_16
670,2870,96,Deli / Bodega,40.812158822891696,-74.19442355632782,2012-11-02 07:37:44,2012-10-29,train,670_16
675,1370,259,Hotel,40.749964710254176,-73.99120112947547,2012-10-31 20:32:15,2012-10-29,train,675_19
675,4949,61,Office,40.76217040100198,-73.97281408309937,2012-11-01 11:25:20,2012-10-29,train,675_19
677,5088,120,Other Great Outdoors,40.78782018739577,-73.79104614257812,2012-10-30 16:22:35,2012-10-29,train,677_1
677,5088,120,Other Great Outdoors,40.78782018739577,-73.79104614257812,2012-10-31 05:06:52,2012-10-29,train,677_1
677,5088,120,Other Great Outdoors,40.78782018739577,-73.79104614257812,2012-10-31 05:07:29,2012-10-29,train,677_1
677,1843,147,Movie Theater,40.91532869189857,-74.07670140266418,2012-11-01 16:53:53,2012-10-29,train,677_1
678,4628,6,Home (private),40.67008028629618,-73.90658830179062,2012-10-31 15:51:17,2012-10-29,train,678_15
678,4628,6,Home (private),40.67008028629618,-73.90658830179062,2012-11-01 23:59:41,2012-10-29,train,678_15
684,2111,222,Coffee Shop,40.75891912502798,-73.99229725641148,2012-10-31 10:18:55,2012-10-29,train,684_14
684,546,138,Gym / Fitness Center,40.75552694404017,-73.98908346336458,2012-10-31 18:39:18,2012-10-29,train,684_14
684,3301,214,Bar,40.76421262848506,-73.9870174251268,2012-10-31 23:23:53,2012-10-29,train,684_14
684,2111,222,Coffee Shop,40.75891912502798,-73.99229725641148,2012-11-01 10:06:33,2012-10-29,train,684_14
684,3789,130,Burger Joint,40.74797621250927,-73.9928596646591,2012-11-01 14:33:48,2012-10-29,train,684_14
694,3368,6,Home (private),40.76597116277859,-74.16509908485864,2012-10-30 11:37:22,2012-10-29,train,694_23
694,3368,6,Home (private),40.76597116277859,-74.16509908485864,2012-11-01 00:54:56,2012-10-29,train,694_23
697,2627,6,Home (private),40.863020847419,-74.0828838592642,2012-10-31 19:47:41,2012-10-29,train,697_23
697,2627,6,Home (private),40.863020847419,-74.0828838592642,2012-11-01 17:25:44,2012-10-29,train,697_23
707,5091,114,Cemetery,40.74890933404696,-73.96507013702977,2012-11-01 04:16:44,2012-10-29,train,707_14
707,4057,6,Home (private),40.86633340833704,-74.10637760442646,2012-11-01 09:03:03,2012-10-29,train,707_14
707,4116,6,Home (private),40.86633340833704,-74.10637760442646,2012-11-01 09:03:23,2012-10-29,train,707_14
708,3348,6,Home (private),40.7243633850256,-73.87130987645999,2012-11-01 00:41:54,2012-10-29,train,708_19
708,3348,6,Home (private),40.7243633850256,-73.87130987645999,2012-11-01 23:25:14,2012-10-29,train,708_19
717,3310,317,City,40.9434774063344,-74.07149441883813,2012-10-30 16:37:40,2012-10-29,train,717_2
717,2985,80,Building,40.96178482317488,-74.06776428222656,2012-10-30 16:38:01,2012-10-29,train,717_2
717,5073,6,Home (private),40.886059666322495,-74.10637760442646,2012-10-30 19:46:41,2012-10-29,train,717_2
717,4560,253,General Travel,40.88866543447817,-74.10835344601192,2012-10-30 19:46:48,2012-10-29,train,717_2
717,5073,6,Home (private),40.886059666322495,-74.10637760442646,2012-10-30 22:45:42,2012-10-29,train,717_2
717,5079,6,Home (private),40.886059666322495,-74.10637760442646,2012-10-30 22:47:48,2012-10-29,train,717_2
718,3397,317,City,40.80507336704333,-74.11943956748327,2012-10-30 15:59:55,2012-10-29,train,718_0
718,1921,239,Airport,40.69576975606927,-74.1773271560669,2012-11-01 16:42:08,2012-10-29,train,718_0
718,436,241,Airport,40.68968493541091,-74.17938709259033,2012-11-01 16:44:39,2012-10-29,train,718_0
720,2887,269,Miscellaneous Shop,40.635281,-73.992483,2012-10-30 23:15:29,2012-10-29,train,720_22
720,3221,6,Home (private),40.64220098230346,-73.98887973002674,2012-10-31 19:47:10,2012-10-29,train,720_22
720,3221,6,Home (private),40.64220098230346,-73.98887973002674,2012-10-31 23:19:47,2012-10-29,train,720_22
720,2886,88,Synagogue,40.63455757882801,-73.99443784225998,2012-11-01 21:41:57,2012-10-29,train,720_22
726,5088,120,Other Great Outdoors,40.78782018739577,-73.79104614257812,2012-10-31 04:10:45,2012-10-29,train,726_10
726,4095,6,Home (private),40.72454481015964,-73.94186034276925,2012-10-31 04:12:09,2012-10-29,train,726_10
726,4095,6,Home (private),40.72454481015964,-73.94186034276925,2012-11-02 04:54:17,2012-10-29,train,726_10
728,1507,137,Gym / Fitness Center,40.7918,-73.974,2012-11-01 14:52:49,2012-10-29,train,728_10
728,66,48,Bar,40.78345291250954,-73.97912610229315,2012-11-01 19:49:36,2012-10-29,train,728_10
729,952,141,Bagel Shop,40.76489500515031,-73.916954,2012-10-31 13:05:25,2012-10-29,train,729_10
729,3252,194,Mexican Restaurant,40.76442654043427,-73.91609871981633,2012-10-31 19:28:05,2012-10-29,train,729_10
736,2173,137,Gym / Fitness Center,40.74109555804945,-73.99270534515381,2012-10-29 07:51:51,2012-10-29,train,736_22
736,748,33,Korean Restaurant,40.74760293839914,-73.98625987220174,2012-10-31 02:13:28,2012-10-29,train,736_22
736,1350,102,American Restaurant,40.74583734577147,-73.98799265354255,2012-10-31 13:45:25,2012-10-29,train,736_22
736,3660,137,Gym / Fitness Center,40.7663885759652,-73.96260779826342,2012-11-01 12:59:29,2012-10-29,train,736_22
737,857,259,Hotel,40.76224486711165,-73.9792871763928,2012-10-29 02:30:04,2012-10-29,train,737_26
737,857,259,Hotel,40.76224486711165,-73.9792871763928,2012-10-29 09:30:16,2012-10-29,train,737_26
737,857,259,Hotel,40.76224486711165,-73.9792871763928,2012-10-30 09:30:05,2012-10-29,train,737_26
737,3116,319,Market,40.74186151409088,-73.98943362953369,2012-10-30 14:15:04,2012-10-29,train,737_26
737,857,259,Hotel,40.76224486711165,-73.9792871763928,2012-10-31 02:30:04,2012-10-29,train,737_26
737,857,259,Hotel,40.76224486711165,-73.9792871763928,2012-10-31 09:30:05,2012-10-29,train,737_26
737,405,241,Airport,40.645089355976346,-73.7845230102539,2012-10-31 11:30:04,2012-10-29,train,737_26
737,3116,319,Market,40.74186151409088,-73.98943362953369,2012-10-31 14:15:06,2012-10-29,train,737_26
737,576,102,American Restaurant,40.731155872068506,-73.98872764725327,2012-10-31 19:15:01,2012-10-29,train,737_26
737,48,232,Music Venue,40.73169799836348,-73.98922693741638,2012-11-01 00:15:03,2012-10-29,train,737_26
737,857,259,Hotel,40.76224486711165,-73.9792871763928,2012-11-01 02:30:04,2012-10-29,train,737_26
737,576,102,American Restaurant,40.731155872068506,-73.98872764725327,2012-11-01 19:15:02,2012-10-29,train,737_26
737,857,259,Hotel,40.76224486711165,-73.9792871763928,2012-11-02 02:30:04,2012-10-29,train,737_26
746,2636,136,Office,40.754277170436566,-73.9734097126788,2012-10-31 10:35:18,2012-10-29,train,746_16
746,2001,138,Gym / Fitness Center,40.769538,-73.9519560005793,2012-10-31 17:06:58,2012-10-29,train,746_16
760,5088,120,Other Great Outdoors,40.78782018739577,-73.79104614257812,2012-10-31 10:41:56,2012-10-29,train,760_10
760,5091,114,Cemetery,40.74890933404696,-73.96507013702977,2012-10-31 11:53:51,2012-10-29,train,760_10
763,5057,214,Bar,40.7938881280977,-73.94269556485277,2012-10-31 16:14:13,2012-10-29,train,763_15
763,3271,103,Southern / Soul Food Restaurant,40.80825990296103,-73.94516389771303,2012-10-31 22:36:30,2012-10-29,train,763_15
780,5088,120,Other Great Outdoors,40.78782018739577,-73.79104614257812,2012-10-29 01:02:12,2012-10-29,train,780_18
780,4768,138,Gym / Fitness Center,40.7530312107277,-73.98586387743777,2012-10-30 15:32:33,2012-10-29,train,780_18
784,625,122,Plaza,40.756489872673846,-73.98626804351807,2012-10-30 13:00:38,2012-10-29,train,784_23
784,348,61,Office,40.713627072480925,-74.01412666661709,2012-10-30 13:20:03,2012-10-29,train,784_23
784,830,37,Bar,40.73743415035814,-73.99128147407096,2012-10-30 13:30:04,2012-10-29,train,784_23
784,2332,19,Bank,40.84350462709147,-73.93913651788439,2012-10-30 13:40:03,2012-10-29,train,784_23
784,4868,281,Residential Building (Apartment / Condo),40.758017730590645,-73.9922547340393,2012-10-31 13:10:05,2012-10-29,train,784_23
784,348,61,Office,40.71380163355821,-74.01448817373341,2012-10-31 13:20:04,2012-10-29,train,784_23
784,830,37,Bar,40.73743415035814,-73.99128147407096,2012-10-31 13:30:05,2012-10-29,train,784_23
784,2240,19,Bank,40.81011509621309,-73.95118534970048,2012-10-31 13:50:03,2012-10-29,train,784_23
784,1019,7,Clothing Store,40.73216902800922,-73.99034603133893,2012-11-01 03:37:32,2012-10-29,train,784_23
784,348,61,Office,40.71380163355821,-74.01448817373341,2012-11-01 13:20:03,2012-10-29,train,784_23
784,2332,19,Bank,40.84350462709147,-73.93913651788439,2012-11-01 13:40:03,2012-10-29,train,784_23
784,2240,19,Bank,40.81011509621309,-73.95118534970048,2012-11-01 13:50:02,2012-10-29,train,784_23
784,402,259,Hotel,40.758328,-73.985457,2012-11-01 14:00:13,2012-10-29,train,784_23
787,1422,222,Coffee Shop,40.769076,-73.984595,2012-11-01 17:42:48,2012-10-29,train,787_18
787,1422,222,Coffee Shop,40.769076,-73.984595,2012-11-02 08:25:33,2012-10-29,train,787_18
788,4455,253,General Travel,40.94293113642799,-74.01657686811855,2012-10-30 20:58:38,2012-10-29,train,788_26
788,3475,317,City,40.94269410852135,-73.99635314941406,2012-10-30 20:58:47,2012-10-29,train,788_26
788,3930,6,Home (private),40.94175914870915,-74.01238511084367,2012-10-30 20:58:57,2012-10-29,train,788_26
788,3475,317,City,40.94269410852135,-73.99635314941406,2012-10-31 15:15:40,2012-10-29,train,788_26
788,3930,6,Home (private),40.94175914870915,-74.01238511084367,2012-10-31 15:15:45,2012-10-29,train,788_26
788,4854,6,Home (private),40.90080727550772,-74.07113588841028,2012-10-31 18:39:01,2012-10-29,train,788_26
788,2033,42,Food & Drink Shop,40.89883303700218,-74.09218477332547,2012-11-01 14:28:06,2012-10-29,train,788_26
788,4854,6,Home (private),40.90080727550772,-74.07113588841028,2012-11-02 08:52:35,2012-10-29,train,788_26
797,4427,6,Home (private),40.70477380546345,-73.94186034276925,2012-10-30 23:44:56,2012-10-29,train,797_11
797,2689,301,Neighborhood,40.71424858464975,-73.95375967025757,2012-10-30 23:45:42,2012-10-29,train,797_11
797,4427,6,Home (private),40.70477380546345,-73.94186034276925,2012-10-31 17:52:50,2012-10-29,train,797_11
797,4385,231,Campground,40.70330795792358,-73.94365420019082,2012-10-31 17:53:52,2012-10-29,train,797_11
797,5089,120,Other Great Outdoors,40.77408715291444,-74.16514208697919,2012-10-31 17:56:12,2012-10-29,train,797_11
797,4319,6,Home (private),40.70477380546345,-73.94186034276925,2012-11-01 11:56:43,2012-10-29,train,797_11
797,4002,281,Residential Building (Apartment / Condo),40.7032195832907,-73.94367142114152,2012-11-01 11:58:47,2012-10-29,train,797_11
797,4584,145,Movie Theater,40.703156149922414,-73.94373456461425,2012-11-01 12:03:12,2012-10-29,train,797_11
797,2689,301,Neighborhood,40.71424858464975,-73.95375967025757,2012-11-01 12:08:48,2012-10-29,train,797_11
798,1734,37,Bar,40.676955386270215,-73.96361799233043,2012-11-01 22:00:39,2012-10-29,train,798_4
798,5054,281,Residential Building (Apartment / Condo),40.67743868226379,-73.94246021054094,2012-11-02 07:12:34,2012-10-29,train,798_4
798,5054,281,Residential Building (Apartment / Condo),40.67743868226379,-73.94246021054094,2012-11-02 07:43:26,2012-10-29,train,798_4
805,2983,301,Neighborhood,40.65200850751782,-73.95901679992676,2012-10-30 17:34:52,2012-10-29,train,805_18
805,4024,6,Home (private),40.68499608789172,-73.94186034276925,2012-10-30 20:41:50,2012-10-29,train,805_18
805,4197,96,Deli / Bodega,40.6847512363616,-73.9434418083397,2012-10-31 18:39:27,2012-10-29,train,805_18
805,4024,6,Home (private),40.68499608789172,-73.94186034276925,2012-10-31 21:20:44,2012-10-29,train,805_18
805,5091,114,Cemetery,40.74890933404696,-73.96507013702977,2012-10-31 21:58:14,2012-10-29,train,805_18
808,4946,6,Home (private),40.74943136628766,-74.04763775758458,2012-10-29 05:09:21,2012-10-29,train,808_5
808,4088,281,Residential Building (Apartment / Condo),40.74928103988808,-74.05019940185012,2012-11-02 08:21:36,2012-10-29,train,808_5
809,3011,6,Home (private),40.833165200622425,-73.94186034276925,2012-10-30 10:31:34,2012-10-29,train,809_17
809,3242,134,Event Space,40.77056711201932,-73.98410197779206,2012-10-31 12:21:27,2012-10-29,train,809_17
809,2347,264,Subway,40.83128282647834,-73.94139250202096,2012-11-01 07:04:30,2012-10-29,train,809_17
809,2196,174,College Academic Building,40.77079184896987,-73.98592472076416,2012-11-01 07:50:51,2012-10-29,train,809_17
809,1704,97,Diner,40.770983215678605,-73.98713220561226,2012-11-01 07:57:59,2012-10-29,train,809_17
809,2654,177,College Academic Building,40.77085290125466,-73.98486527831999,2012-11-01 09:11:31,2012-10-29,train,809_17
809,2196,174,College Academic Building,40.77079184896987,-73.98592472076416,2012-11-01 10:13:04,2012-10-29,train,809_17
809,2881,166,College Academic Building,40.77040183589408,-73.98463726043701,2012-11-01 11:19:03,2012-10-29,train,809_17
809,1406,176,Law School,40.77095773223109,-73.98431432486001,2012-11-01 15:20:45,2012-10-29,train,809_17
809,2347,264,Subway,40.83128282647834,-73.94139250202096,2012-11-02 07:03:23,2012-10-29,train,809_17
809,2196,174,College Academic Building,40.77079184896987,-73.98592472076416,2012-11-02 10:04:32,2012-10-29,train,809_17
811,1243,61,Office,40.7524323390344,-73.99025420849364,2012-10-31 12:15:59,2012-10-29,train,811_11
811,1916,141,Bagel Shop,40.752036441838,-73.99116095716512,2012-11-02 10:22:49,2012-10-29,train,811_11
817,3791,281,Residential Building (Apartment / Condo),40.65623629615141,-73.90769926198885,2012-10-29 09:16:09,2012-10-29,train,817_10
817,4788,121,Park,40.65544670711424,-73.90874419034847,2012-10-30 08:47:04,2012-10-29,train,817_10
817,2467,257,Road,40.68779755192939,-73.89198303222656,2012-10-31 16:46:26,2012-10-29,train,817_10
817,4365,253,General Travel,40.675723911455,-73.90334724735843,2012-10-31 16:50:12,2012-10-29,train,817_10
817,3928,301,Neighborhood,40.66438929767489,-73.90862936333028,2012-10-31 16:51:50,2012-10-29,train,817_10
820,1414,214,Bar,40.76171380095544,-73.99395004329756,2012-10-30 21:08:33,2012-10-29,train,820_1
820,414,214,Bar,40.7616909474116,-73.99105310440063,2012-10-30 22:44:34,2012-10-29,train,820_1
820,4913,128,Bakery,40.76025741910786,-73.99089122857772,2012-10-31 17:28:00,2012-10-29,train,820_1
824,4264,6,Home (private),40.80204208379726,-74.00063278107605,2012-10-29 00:58:06,2012-10-29,train,824_23
824,2086,254,Department Store,40.81342911263693,-74.013542085886,2012-10-30 23:56:45,2012-10-29,train,824_23
824,2336,102,American Restaurant,40.81328954943149,-74.01137351989746,2012-10-31 01:12:02,2012-10-29,train,824_23
824,4264,6,Home (private),40.80204208379726,-74.00063278107605,2012-10-31 05:00:44,2012-10-29,train,824_23
824,4600,117,Other Great Outdoors,40.80117332934505,-74.01482820510864,2012-10-31 19:22:14,2012-10-29,train,824_23
824,2336,102,American Restaurant,40.81328954943149,-74.01137351989746,2012-11-01 23:18:29,2012-10-29,train,824_23
824,4264,6,Home (private),40.80204208379726,-74.00063278107605,2012-11-02 05:01:37,2012-10-29,train,824_23
830,3130,301,Neighborhood,40.76487640472523,-73.81782531738281,2012-11-01 01:11:49,2012-10-29,train,830_13
830,3130,301,Neighborhood,40.76487640472523,-73.81782531738281,2012-11-01 18:53:49,2012-10-29,train,830_13
848,4632,284,Historic Site,40.63776202060348,-74.00221376394177,2012-10-29 03:12:59,2012-10-29,train,848_16
848,439,58,Electronics Store,40.76392076968141,-73.9731227408518,2012-11-02 06:28:03,2012-10-29,train,848_16
855,5088,120,Other Great Outdoors,40.78782018739577,-73.79104614257812,2012-10-30 14:52:03,2012-10-29,train,855_6
855,5091,114,Cemetery,40.74890933404696,-73.96507013702977,2012-10-31 20:27:00,2012-10-29,train,855_6
855,3641,6,Home (private),40.85072846018743,-73.78896894871082,2012-10-31 20:28:03,2012-10-29,train,855_6
859,1638,4,Gym / Fitness Center,40.77810349104415,-73.98030264734459,2012-10-30 14:14:59,2012-10-29,train,859_9
859,1921,239,Airport,40.69576975606927,-74.1773271560669,2012-11-02 05:41:59,2012-10-29,train,859_9
871,2279,26,Drugstore / Pharmacy,40.786422988157305,-73.95072340965271,2012-10-30 23:17:57,2012-10-29,train,871_21
871,291,159,Art Museum,40.78299485153325,-73.95890951156616,2012-10-31 16:22:27,2012-10-29,train,871_21
871,349,70,Train Station,40.75280620914171,-73.97717535495758,2012-10-31 17:18:22,2012-10-29,train,871_21
871,1933,264,Subway,40.78577311803029,-73.9509916305542,2012-11-01 08:44:51,2012-10-29,train,871_21
871,349,70,Train Station,40.75280620914171,-73.97717535495758,2012-11-01 09:10:39,2012-10-29,train,871_21
871,349,70,Train Station,40.75280620914171,-73.97717535495758,2012-11-01 21:26:44,2012-10-29,train,871_21
871,1933,264,Subway,40.78577311803029,-73.9509916305542,2012-11-01 21:53:30,2012-10-29,train,871_21
871,1933,264,Subway,40.78577311803029,-73.9509916305542,2012-11-02 08:17:47,2012-10-29,train,871_21
878,4282,6,Home (private),40.93508141690897,-73.96537147003376,2012-10-31 23:31:30,2012-10-29,train,878_18
878,2175,197,Sandwich Place,40.89643068952154,-73.97470108060517,2012-11-01 11:23:18,2012-10-29,train,878_18
878,4282,6,Home (private),40.93508141690897,-73.96537147003376,2012-11-01 22:53:38,2012-10-29,train,878_18
879,5089,120,Other Great Outdoors,40.77408715291444,-74.16514208697919,2012-10-30 22:54:42,2012-10-29,train,879_14
879,2403,282,Convenience Store,40.81366776769526,-74.10953492625622,2012-11-02 01:21:42,2012-10-29,train,879_14
879,3644,162,Medical Center,40.8293049965717,-74.10278432981012,2012-11-02 01:37:09,2012-10-29,train,879_14
882,4162,6,Home (private),40.75686177990922,-73.75366953292578,2012-10-31 00:39:56,2012-10-29,train,882_10
882,2259,265,Mall,40.7795359365368,-73.77673493663156,2012-10-31 13:35:41,2012-10-29,train,882_10
882,5062,131,Café,40.78040832788754,-73.77632702756408,2012-10-31 13:36:50,2012-10-29,train,882_10
882,4162,6,Home (private),40.75686177990922,-73.75366953292578,2012-11-01 00:44:54,2012-10-29,train,882_10
882,4162,6,Home (private),40.75686177990922,-73.75366953292578,2012-11-01 05:12:20,2012-10-29,train,882_10
882,4162,6,Home (private),40.75686177990922,-73.75366953292578,2012-11-01 09:46:02,2012-10-29,train,882_10
882,4162,6,Home (private),40.75686177990922,-73.75366953292578,2012-11-01 13:35:19,2012-10-29,train,882_10
886,5088,120,Other Great Outdoors,40.78782018739577,-73.79104614257812,2012-10-29 00:41:51,2012-10-29,train,886_12
886,481,42,Food & Drink Shop,40.76806170936614,-73.98184776306152,2012-10-31 13:36:15,2012-10-29,train,886_12
886,5084,58,Electronics Store,40.75794644028298,-73.98576057432156,2012-10-31 17:00:31,2012-10-29,train,886_12
886,2144,130,Burger Joint,40.7645853095432,-73.98759132686786,2012-11-01 15:00:43,2012-10-29,train,886_12
904,4992,281,Residential Building (Apartment / Condo),40.76786088094523,-73.91617909565247,2012-10-30 21:50:06,2012-10-29,train,904_16
904,2483,74,Government Building,40.76800118070776,-73.9159551914549,2012-10-31 09:51:01,2012-10-29,train,904_16
904,5088,120,Other Great Outdoors,40.78782018739577,-73.79104614257812,2012-10-31 09:52:01,2012-10-29,train,904_16
904,5090,48,Bar,40.76801210255537,-73.91592074463239,2012-10-31 09:52:31,2012-10-29,train,904_16
904,4915,293,Garden Center,40.76801883170239,-73.91603556735033,2012-10-31 09:54:19,2012-10-29,train,904_16
904,5091,114,Cemetery,40.74890933404696,-73.96507013702977,2012-10-31 21:05:05,2012-10-29,train,904_16
904,5091,114,Cemetery,40.74890933404696,-73.96507013702977,2012-10-31 21:05:33,2012-10-29,train,904_16
904,4915,293,Garden Center,40.76801883170239,-73.91603556735033,2012-10-31 21:06:17,2012-10-29,train,904_16
904,5090,48,Bar,40.76801210255537,-73.91592074463239,2012-10-31 21:06:39,2012-10-29,train,904_16
904,1291,264,Subway,40.76669659750053,-73.92148733139038,2012-11-02 09:14:30,2012-10-29,train,904_16
904,4478,268,Convention Center,40.75285675549502,-73.97367372638176,2012-11-02 10:10:15,2012-10-29,train,904_16
904,4527,0,Convention Center,40.75307160144737,-73.97346710699287,2012-11-02 10:10:29,2012-10-29,train,904_16
907,2308,42,Food & Drink Shop,40.75208489426303,-73.91483545303345,2012-10-31 14:34:51,2012-10-29,train,907_22
907,3294,61,Office,40.75010293240894,-73.91019674628517,2012-11-01 09:15:20,2012-10-29,train,907_22
907,3943,6,Home (private),40.76071686239771,-73.91834636014222,2012-11-01 19:55:03,2012-10-29,train,907_22
907,3294,61,Office,40.75010293240894,-73.91019674628517,2012-11-02 09:19:28,2012-10-29,train,907_22
908,4736,6,Home (private),40.77728739385495,-73.96537147003376,2012-10-29 08:52:37,2012-10-29,train,908_13
908,4736,6,Home (private),40.77728739385495,-73.96537147003376,2012-10-30 09:17:11,2012-10-29,train,908_13
908,5030,6,Home (private),40.775615852364126,-73.95361626406626,2012-10-30 18:54:39,2012-10-29,train,908_13
908,4736,6,Home (private),40.77728739385495,-73.96537147003376,2012-10-31 11:05:50,2012-10-29,train,908_13
908,5030,6,Home (private),40.775615852364126,-73.95361626406626,2012-10-31 21:41:21,2012-10-29,train,908_13
908,4736,6,Home (private),40.77728739385495,-73.96537147003376,2012-11-01 09:27:43,2012-10-29,train,908_13
908,2192,222,Coffee Shop,40.77702130253044,-73.94996844601872,2012-11-01 17:07:48,2012-10-29,train,908_13
933,1392,214,Bar,40.7608782375,-73.990818,2012-10-30 23:53:13,2012-10-29,train,933_7
933,5001,281,Residential Building (Apartment / Condo),40.762458,-73.96319,2012-11-01 17:48:05,2012-10-29,train,933_7
939,1382,130,Burger Joint,40.76699952583576,-73.96272833306081,2012-10-29 06:45:35,2012-10-29,train,939_16
939,3069,6,Home (private),40.76741095844762,-73.96537147003376,2012-11-01 03:53:21,2012-10-29,train,939_16
944,4140,62,Automotive Shop,40.907567521272114,-74.16476366797684,2012-10-30 10:01:23,2012-10-29,train,944_8
944,4140,62,Automotive Shop,40.907567521272114,-74.16476366797684,2012-10-30 19:30:22,2012-10-29,train,944_8
944,5088,120,Other Great Outdoors,40.78782018739577,-73.79104614257812,2012-10-31 12:47:07,2012-10-29,train,944_8
944,847,265,Mall,40.917335441802095,-74.0756607055664,2012-11-01 17:11:35,2012-10-29,train,944_8
950,90,37,Bar,40.798840875789125,-73.96306123830033,2012-10-29 01:56:05,2012-10-29,train,950_18
950,5018,6,Home (private),40.833165200622425,-73.94186034276925,2012-10-31 02:27:33,2012-10-29,train,950_18
955,1278,42,Food & Drink Shop,40.79409,-73.96717,2012-10-31 18:08:18,2012-10-29,train,955_5
955,143,133,Hot Dog Joint,40.72704085086805,-73.98383596074753,2012-11-01 19:40:17,2012-10-29,train,955_5
955,1803,138,Gym / Fitness Center,40.76190477195068,-73.92474889755249,2012-11-01 22:37:50,2012-10-29,train,955_5
966,5053,8,Medical Center,40.973739387240094,-73.87931181530807,2012-10-30 08:20:38,2012-10-29,train,966_9
966,5053,8,Medical Center,40.973739387240094,-73.87931181530807,2012-11-01 08:13:04,2012-10-29,train,966_9
969,850,137,Gym / Fitness Center,40.687784895816016,-73.97805859665095,2012-10-31 09:56:50,2012-10-29,train,969_3
969,850,137,Gym / Fitness Center,40.687784895816016,-73.97805859665095,2012-11-01 11:40:02,2012-10-29,train,969_3
972,4913,128,Bakery,40.76025741910786,-73.99089122857772,2012-10-30 15:47:36,2012-10-29,train,972_23
972,3286,76,Ferry,40.76067264603736,-74.00367709397945,2012-11-01 07:44:40,2012-10-29,train,972_23
972,2802,61,Office,40.71942993955881,-74.034054441765,2012-11-01 08:57:25,2012-10-29,train,972_23
974,5064,6,Home (private),40.85471532732567,-74.02413671784228,2012-10-31 16:40:49,2012-10-29,train,974_17
974,2658,257,Road,40.89002830179658,-74.07025337219238,2012-11-01 16:19:28,2012-10-29,train,974_17
974,2658,257,Road,40.89002830179658,-74.07025337219238,2012-11-02 05:39:16,2012-10-29,train,974_17
974,2658,257,Road,40.89002830179658,-74.07025337219238,2012-11-02 05:39:55,2012-10-29,train,974_17
974,4291,138,Gym / Fitness Center,40.94709963333333,-74.072561,2012-11-02 05:40:27,2012-10-29,train,974_17
987,5043,6,Home (private),40.82452993826894,-73.81249842275241,2012-10-30 20:38:35,2012-10-29,train,987_7
987,3912,8,Medical Center,40.82798022702566,-73.81888869829497,2012-10-31 18:38:38,2012-10-29,train,987_7
987,5043,6,Home (private),40.82452993826894,-73.81249842275241,2012-10-31 20:25:14,2012-10-29,train,987_7
987,3912,8,Medical Center,40.82798022702566,-73.81888869829497,2012-11-01 08:41:34,2012-10-29,train,987_7
992,1620,163,Medical Center,40.77696675093165,-73.70148181915283,2012-10-30 09:29:02,2012-10-29,train,992_5
992,4690,131,Café,40.77725461191122,-73.70149329191291,2012-10-31 03:21:18,2012-10-29,train,992_5
992,4515,163,Medical Center,40.77725225011519,-73.7014875445723,2012-10-31 03:22:09,2012-10-29,train,992_5
992,1620,163,Medical Center,40.77696675093165,-73.70148181915283,2012-10-31 22:48:17,2012-10-29,train,992_5
992,4515,163,Medical Center,40.77725225011519,-73.7014875445723,2012-11-01 03:31:13,2012-10-29,train,992_5
1000,4596,99,Thai Restaurant,40.762879490844,-73.98965161998106,2012-10-31 22:10:43,2012-10-29,train,1000_13
1000,1021,206,Seafood Restaurant,40.633613,-74.014332,2012-11-01 15:38:20,2012-10-29,train,1000_13
1002,4990,281,Residential Building (Apartment / Condo),40.84115128538078,-73.91632836497436,2012-10-30 14:18:59,2012-10-29,train,1002_14
1002,4780,42,Food & Drink Shop,40.884835891587976,-74.21012257381425,2012-10-31 14:05:20,2012-10-29,train,1002_14
1002,4603,6,Home (private),40.8910364638721,-74.2120629207231,2012-10-31 15:07:10,2012-10-29,train,1002_14
1002,4990,281,Residential Building (Apartment / Condo),40.84115128538078,-73.91632836497436,2012-10-31 19:49:31,2012-10-29,train,1002_14
1002,4956,6,Home (private),40.76071686239771,-73.91834636014222,2012-10-31 22:04:43,2012-10-29,train,1002_14
1002,972,221,Bridge,40.75673368214285,-73.95445704460144,2012-10-31 23:25:12,2012-10-29,train,1002_14
1002,1454,257,Road,40.75297891717686,-73.95996093749999,2012-10-31 23:27:35,2012-10-29,train,1002_14
1002,4608,6,Home (private),40.87239871611352,-73.87130987645999,2012-11-01 00:10:27,2012-10-29,train,1002_14
1002,5091,114,Cemetery,40.74890933404696,-73.96507013702977,2012-11-01 06:57:29,2012-10-29,train,1002_14
1002,1978,264,Subway,40.87967830256009,-73.88464450836182,2012-11-01 07:28:42,2012-10-29,train,1002_14
1002,4990,281,Residential Building (Apartment / Condo),40.84115128538078,-73.91632836497436,2012-11-01 15:47:06,2012-10-29,train,1002_14
1002,2415,264,Subway,40.87142796689727,-73.8671886920929,2012-11-02 07:33:16,2012-10-29,train,1002_14
1002,4769,307,Nursery School,40.768522910406574,-73.96591960790946,2012-11-02 08:32:40,2012-10-29,train,1002_14
1003,1627,141,Bagel Shop,40.782566,-73.948258,2012-11-01 08:06:25,2012-10-29,train,1003_14
1003,14,47,Bar,40.785953,-73.976422,2012-11-01 22:16:14,2012-10-29,train,1003_14
1007,3991,281,Residential Building (Apartment / Condo),40.80095258965738,-73.95901467876513,2012-10-30 14:50:23,2012-10-29,train,1007_15
1007,1467,42,Food & Drink Shop,40.80070016119127,-73.95886544232275,2012-11-01 07:34:21,2012-10-29,train,1007_15
1007,2474,19,Bank,40.80344731943031,-73.96704196929932,2012-11-01 18:36:25,2012-10-29,train,1007_15
1007,1467,42,Food & Drink Shop,40.80070016119127,-73.95886544232275,2012-11-02 06:30:38,2012-10-29,train,1007_15
1009,1264,26,Drugstore / Pharmacy,40.77943748615269,-73.97724361523622,2012-10-31 10:51:06,2012-10-29,train,1009_16
1009,120,102,American Restaurant,40.8415358603095,-73.93958427255126,2012-11-01 21:35:06,2012-10-29,train,1009_16
1009,2809,141,Bagel Shop,40.864414,-73.961934,2012-11-02 09:59:47,2012-10-29,train,1009_16
1009,3741,266,Bus Station,40.8543702467685,-73.96831876895718,2012-11-02 10:13:42,2012-10-29,train,1009_16
1014,1540,102,American Restaurant,40.837834696988814,-73.85997682712767,2012-10-31 16:04:50,2012-10-29,train,1014_15
1014,349,70,Train Station,40.75280620914171,-73.97717535495758,2012-11-01 21:50:11,2012-10-29,train,1014_15
1014,1570,163,Medical Center,40.85550037015262,-73.84623527526855,2012-11-02 03:34:40,2012-10-29,train,1014_15
1019,5088,120,Other Great Outdoors,40.78782018739577,-73.79104614257812,2012-10-31 01:56:32,2012-10-29,train,1019_27
1019,2749,61,Office,40.91085000393453,-74.03146676029525,2012-10-31 09:16:21,2012-10-29,train,1019_27
1019,2247,281,Residential Building (Apartment / Condo),40.75646570121109,-74.04306228233422,2012-10-31 18:28:08,2012-10-29,train,1019_27
1019,4945,6,Home (private),40.72966216538398,-74.04763775758458,2012-11-01 02:15:03,2012-10-29,train,1019_27
1019,2713,55,Bar,40.938779668127424,-73.9969539642334,2012-11-01 14:48:19,2012-10-29,train,1019_27
1019,2247,281,Residential Building (Apartment / Condo),40.75646570121109,-74.04306228233422,2012-11-01 18:28:28,2012-10-29,train,1019_27
1019,492,37,Bar,40.722839538401246,-74.04749719603645,2012-11-01 23:16:55,2012-10-29,train,1019_27
1029,339,159,Art Museum,40.778936659294864,-73.96229820007625,2012-10-31 10:38:29,2012-10-29,train,1029_17
1029,1503,61,Office,40.7575850334775,-73.97547589720135,2012-10-31 11:07:43,2012-10-29,train,1029_17
1029,4767,222,Coffee Shop,40.75870179473494,-73.97852921814837,2012-11-01 08:27:49,2012-10-29,train,1029_17
1030,3046,92,Asian Restaurant,40.85080247473708,-73.97054571467628,2012-10-29 00:27:13,2012-10-29,train,1030_14
1030,2609,34,Gas Station / Garage,40.8933489,-74.107129,2012-11-01 01:15:10,2012-10-29,train,1030_14
1030,1312,163,Medical Center,40.79005808189985,-73.95325005054474,2012-11-01 19:34:56,2012-10-29,train,1030_14
1034,4133,281,Residential Building (Apartment / Condo),40.76926045164202,-74.1994431351561,2012-11-01 05:23:16,2012-10-29,train,1034_22
1034,3006,61,Office,40.838915391622365,-74.18075406522664,2012-11-01 15:12:17,2012-10-29,train,1034_22
1052,4276,12,Gym / Fitness Center,40.825143762613614,-73.95717144012451,2012-10-29 04:19:17,2012-10-29,train,1052_25
1052,4244,301,Neighborhood,40.669929843442304,-73.81906986236572,2012-10-31 18:57:25,2012-10-29,train,1052_25
1066,349,70,Train Station,40.75280620914171,-73.97717535495758,2012-11-01 05:53:12,2012-10-29,train,1066_5
1066,1211,197,Sandwich Place,40.75883320311407,-73.97044240333102,2012-11-01 06:03:27,2012-10-29,train,1066_5
1067,5011,281,Residential Building (Apartment / Condo),40.93460889331033,-73.90130325973576,2012-10-30 21:54:11,2012-10-29,train,1067_10
1067,1485,194,Mexican Restaurant,40.77885160666813,-73.98122549057007,2012-10-31 17:57:43,2012-10-29,train,1067_10
1067,593,128,Bakery,40.77984275934918,-73.98056030273438,2012-10-31 17:59:47,2012-10-29,train,1067_10
1067,5011,281,Residential Building (Apartment / Condo),40.93460889331033,-73.90130325973576,2012-10-31 22:45:14,2012-10-29,train,1067_10
1067,349,70,Train Station,40.75280620914171,-73.97717535495758,2012-11-01 10:35:39,2012-10-29,train,1067_10
1067,1654,61,Office,40.75241411957849,-73.97532093413172,2012-11-02 07:23:45,2012-10-29,train,1067_10
1069,2713,6,Home (private),40.7625386814685,-74.00063278107605,2012-10-30 12:06:36,2012-10-29,train,1069_22
1069,4430,6,Home (private),40.94009178576504,-74.00063278107605,2012-10-30 12:06:42,2012-10-29,train,1069_22
1069,2713,6,Home (private),40.7625386814685,-74.00063278107605,2012-10-30 12:07:11,2012-10-29,train,1069_22
1069,5088,120,Other Great Outdoors,40.78782018739577,-73.79104614257812,2012-10-30 17:16:48,2012-10-29,train,1069_22
1069,4430,6,Home (private),40.94009178576504,-74.00063278107605,2012-10-31 08:47:01,2012-10-29,train,1069_22
1069,5091,114,Cemetery,40.74890933404696,-73.96507013702977,2012-10-31 08:47:33,2012-10-29,train,1069_22
1069,2727,222,Coffee Shop,40.94041965790143,-73.99327286150431,2012-10-31 21:44:20,2012-10-29,train,1069_22
1069,2727,222,Coffee Shop,40.94041965790143,-73.99327286150431,2012-11-01 12:57:00,2012-10-29,train,1069_22
1072,1928,222,Coffee Shop,40.619196108296535,-73.99012221307656,2012-10-31 12:34:56,2012-10-29,train,1072_20
1072,864,42,Food & Drink Shop,40.65536200283102,-74.0088951587677,2012-11-01 13:22:59,2012-10-29,train,1072_20
1072,3880,6,Home (private),40.610828321124906,-73.97712595918333,2012-11-01 22:56:52,2012-10-29,train,1072_20
1073,5091,114,Cemetery,40.74890933404696,-73.96507013702977,2012-10-31 19:27:23,2012-10-29,train,1073_12
1073,3902,281,Residential Building (Apartment / Condo),40.5981113,-73.93832782,2012-10-31 22:24:34,2012-10-29,train,1073_12
